{"bias":{"www.abcnews.go.com":"left-center","www.ajc.com":"left-center","www.alternet.org":"left","www.americanthinker.com":"right","www.ap.org":"center","www.aquinas.edu\/thesaint":"left","www.arkansasonline.com":"left","www.barnstablepatriot.com\/home2":"center","www.bbc.com":"center","www.bearingdrift.com":"right","www.bgdailynews.com":"left-center","www.bloomberg.com":"center","www.bluevirginia.us":"left","www.bostonglobe.com":"left-center","www.breitbart.com":"right","www.bswk.hbs.edu":"left-center","www.businessinsider.com":"center","www.bustle.com":"left-center","www.buzzfeed.com":"left-center","www.c-span.org":"center","www.cadizrecord.com":"left-center","www.calmatters.org":"center","www.calwatchdog.com":"center","www.canyoncountryzephyr.com":"left","www.care2.com":"left","www.cbn.com":"right","www.cbs.com":"left-center","www.centralkynews.com\/amnews":"left-center","www.centre-view.com":"left-center","www.chicago.suntimes.com":"left-center","www.chicagotribune.com":"center","www.city-journal.org":"right","www.cnbc.com":"center","www.cnn.com":"left-center","www.cnsnews.com":"right","www.commercialappeal.com":"left-center","www.conservativehq.com":"right","www.cookpolitical.com":"center","www.countable.us":"center","www.countercurrents.org":"left-center","www.courier-journal.com":"left-center","www.creen.yahoo.com":"left","www.crowdpac.com":"center","www.csmonitor.com":"center","www.cuindependent.com":"center","www.currentaffairs.org":"left","www.dailycaller.com":"right","www.dailycardinal.com":"center","www.dailykos.com":"left","www.dailymail.co.uk":"right","www.dailynorthwestern.com":"left-center","www.dailypress.com":"right-center","www.dailyprogress.com":"center","www.dailytargum.com":"left-center","www.dailywire.com":"right","www.delcotimes.com":"left-center","www.democracynow.org":"left","www.deseretnews.com":"right-center","www.diplomaticourier.com":"center","www.drudgereport.com":"right-center","www.dukechronicle.com":"center","www.echcrunch.com":"center","www.economist.com":"left-center","www.ectator.org":"right","www.efederalist.com":"right","www.eintercept.com":"left","www.elibertarianrepublic.com":"right-center","www.en.wikipedia.org\/wiki\/boing_boing":"left","www.eptrail.com":"center","www.eralddemocrat.com":"left","www.eresurgent.com":"right","www.eurekalert.org":"center","www.eweek.com":"center","www.factcheck.org":"center","www.fair.org":"center","www.fcnp.com":"left","www.fivethirtyeight.com":"center","www.forbes.com":"center","www.foreignaffairs.com":"center","www.foxnews.com":"right-center","www.foxnews.com\/opinion":"right","www.freebeacon.com":"right","www.frontpagemag.com":"right","www.hamptonroadsmessenger.com":"center","www.huffingtonpost.com":"left","www.ibtimes.com":"center","www.idsnews.com":"center","www.ijreview.com":"right-center","www.inacow.com":"right","www.indyweek.com":"left-center","www.infowars.com":"right","www.inkprogress.org":"left","www.investors.com":"right-center","www.ivn.us":"center","www.jacobinmag.com":"left","www.jmedia.com":"right","www.journalistsresource.org":"center","www.jubileemedia.com":"center","www.judicialwatch.org":"right-center","www.koreaherald.com\/index.php":"center","www.kqed.org":"center","www.ksl.com":"right","www.lasvegassun.com":"left-center","www.latimes.com":"left-center","www.latino.foxnews.com\/index.html":"right","www.leesburgtoday.com":"right-center","www.lifehacker.com":"center","www.liveactionnews.org":"right-center","www.mediaite.com":"left-center","www.mediamatters.org":"left","www.mercurynews.com":"left-center","www.miamiherald.com":"left-center","www.michellemalkin.com":"right","www.michigandaily.com":"left-center","www.motherjones.com":"left","www.msnbc.com":"left","www.myrecordjournal.com\/home":"center","www.mystatesman.com":"left-center","www.nationaljournal.com":"center","www.nationalreview.com":"right","www.nbcnews.com":"left-center","www.newrepublic.com":"left","www.news.mit.edu":"center","www.news.wgbh.org":"center","www.newsmax.com":"right","www.nmpolitics.net":"center","www.npr.org":"center","www.npr.org\/sections\/opinion\/":"left-center","www.aljazeera.com":"center","www.nymag.com":"left","www.nypost.com":"right","www.nytimes.com":"left-center","www.observer.com":"center","www.ocregister.com":"right-center","www.online.wsj.com":"center","www.otair.com":"right-center","www.ownhall.com":"right","www.pbs.org\/newshour":"center","www.peacock-panache.com":"left","www.philly.com":"left-center","www.politico.com":"left-center","www.politicususa.com":"left","www.politifact.com":"left-center","www.post-gazette.com":"right-center","www.pressherald.com":"center","www.pri.org":"center","www.propublica.org":"center","www.psmag.com":"left-center","www.publicintegrity.org":"left-center","www.pxw.news":"center","www.qz.com":"center","www.rawstory.com":"left","www.realclearpolitics.com":"center","www.reason.org":"right-center","www.redandblack.com":"center","www.reliablebias.com\/home":"center","www.reuters.com":"center","www.richmond.com":"right-center","www.rightsidenews.com":"right","www.rogressivevoicesofiowa.com":"left","www.rollingstone.com":"left","www.sacbee.com":"left-center","www.salon.com":"left","www.sciencedaily.com":"center","www.scientificamerican.com":"center","www.sfgate.com":"left-center","www.sfweekly.com":"center","www.skyhidailynews.com":"left-center","www.smerconish.com":"center","www.socialistalternative.org":"left","www.spokesman.com":"left-center","www.state-journal.com":"left-center","www.tallahassee.com":"center","www.teenvogue.com":"left-center","www.telegraph.co.uk":"right-center","www.theamericanconservative.com":"right-center","www.theatlantic.com":"left-center","www.theblaze.com":"right","www.thedailybeast.com":"left","www.thedailybeast.com\/newsweek.html":"left-center","www.thedailyshow.com":"left-center","www.theepochtimes.com":"right-center","www.thefiscaltimes.com":"right-center","www.thegatewaypundit.com":"right","www.theguardian.com\/us":"left-center","www.theindyonline.com":"center","www.thejustice.org":"left-center","www.thenation.com":"left","www.therepublicannews.com":"center","www.theverge.com\/politics":"left-center","www.time.com\/time":"left-center","www.timescall.com":"left-center","www.today.com":"left-center","www.truth-out.org":"left-center","www.truthorfiction.com":"center","www.univision.com":"left-center","www.upworthy.com":"left","www.usatoday.com":"center","www.usforacle.com":"center","www.usnews.com":"left-center","www.vanityfair.com":"left-center","www.volanteonline.com":"center","www.vox.com":"left","www.vtdigger.org":"left-center","www.wakeuptopolitics.com":"center","www.washingtonexaminer.com":"right-center","www.washingtonmonthly.com":"left-center","www.washingtonpost.com\/regional":"left-center","www.washingtontimes.com":"right-center","www.weeklystandard.com":"right","www.westernjournalism.com":"right","www.wfae.org":"center","www.wisconsingazette.com":"left-center","www.wnd.com":"right","www.yesmagazine.org":"left"},"confidence":{"www.abcnews.go.com":"High","www.ajc.com":"Low or Initial Rating","www.alternet.org":"High","www.americanthinker.com":"Medium","www.ap.org":"Medium","www.aquinas.edu\/thesaint":"Not Available","www.arkansasonline.com":"Low or Initial Rating","www.barnstablepatriot.com\/home2":"Low or Initial Rating","www.bbc.com":"Medium","www.bearingdrift.com":"High","www.bgdailynews.com":"Low or Initial Rating","www.bloomberg.com":"Medium","www.bluevirginia.us":"Not Available","www.bostonglobe.com":"High","www.breitbart.com":"High","www.bswk.hbs.edu":"Low or Initial Rating","www.businessinsider.com":"Not Available","www.bustle.com":"Low or Initial Rating","www.buzzfeed.com":"Low or Initial Rating","www.c-span.org":"Medium","www.cadizrecord.com":"Low or Initial Rating","www.calmatters.org":"Low or Initial Rating","www.calwatchdog.com":"Medium","www.canyoncountryzephyr.com":"High","www.care2.com":"Not Available","www.cbn.com":"Medium","www.cbs.com":"Low or Initial Rating","www.centralkynews.com\/amnews":"Low or Initial Rating","www.centre-view.com":"Not Available","www.chicago.suntimes.com":"Medium","www.chicagotribune.com":"Low or Initial Rating","www.city-journal.org":"Low or Initial Rating","www.cnbc.com":"Low or Initial Rating","www.cnn.com":"High","www.cnsnews.com":"Low or Initial Rating","www.commercialappeal.com":"Low or Initial Rating","www.conservativehq.com":"Low or Initial Rating","www.cookpolitical.com":"Low or Initial Rating","www.countable.us":"High","www.countercurrents.org":"Low or Initial Rating","www.courier-journal.com":"Low or Initial Rating","www.creen.yahoo.com":"Low or Initial Rating","www.crowdpac.com":"Low or Initial Rating","www.csmonitor.com":"High","www.cuindependent.com":"Low or Initial Rating","www.currentaffairs.org":"Low or Initial Rating","www.dailycaller.com":"Medium","www.dailycardinal.com":"Low or Initial Rating","www.dailykos.com":"Low or Initial Rating","www.dailymail.co.uk":"Medium","www.dailynorthwestern.com":"Low or Initial Rating","www.dailypress.com":"Low or Initial Rating","www.dailyprogress.com":"Not Available","www.dailytargum.com":"Low or Initial Rating","www.dailywire.com":"Medium","www.delcotimes.com":"Low or Initial Rating","www.democracynow.org":"Low or Initial Rating","www.deseretnews.com":"Low or Initial Rating","www.diplomaticourier.com":"Medium","www.drudgereport.com":"Medium","www.dukechronicle.com":"Low or Initial Rating","www.echcrunch.com":"Low or Initial Rating","www.economist.com":"Not Available","www.ectator.org":"Medium","www.efederalist.com":"Low or Initial Rating","www.eintercept.com":"Low or Initial Rating","www.elibertarianrepublic.com":"Low or Initial Rating","www.en.wikipedia.org\/wiki\/boing_boing":"Low or Initial Rating","www.eptrail.com":"Not Available","www.eralddemocrat.com":"Low or Initial Rating","www.eresurgent.com":"Low or Initial Rating","www.eurekalert.org":"Low or Initial Rating","www.eweek.com":"Low or Initial Rating","www.factcheck.org":"Low or Initial Rating","www.fair.org":"Low or Initial Rating","www.fcnp.com":"Not Available","www.fivethirtyeight.com":"Low or Initial Rating","www.forbes.com":"Not Available","www.foreignaffairs.com":"Low or Initial Rating","www.foxnews.com":"High","www.foxnews.com\/opinion":"Low or Initial Rating","www.freebeacon.com":"Low or Initial Rating","www.frontpagemag.com":"Medium","www.hamptonroadsmessenger.com":"Not Available","www.huffingtonpost.com":"High","www.ibtimes.com":"Not Available","www.idsnews.com":"Low or Initial Rating","www.ijreview.com":"Medium","www.inacow.com":"Low or Initial Rating","www.indyweek.com":"Low or Initial Rating","www.infowars.com":"Medium","www.inkprogress.org":"Low or Initial Rating","www.investors.com":"Low or Initial Rating","www.ivn.us":"Medium","www.jacobinmag.com":"Low or Initial Rating","www.jmedia.com":"Low or Initial Rating","www.journalistsresource.org":"Low or Initial Rating","www.jubileemedia.com":"Not Available","www.judicialwatch.org":"Low or Initial Rating","www.koreaherald.com\/index.php":"Low or Initial Rating","www.kqed.org":"Low or Initial Rating","www.ksl.com":"Low or Initial Rating","www.lasvegassun.com":"Low or Initial Rating","www.latimes.com":"Low or Initial Rating","www.latino.foxnews.com\/index.html":"Low or Initial Rating","www.leesburgtoday.com":"Low or Initial Rating","www.lifehacker.com":"Low or Initial Rating","www.liveactionnews.org":"Low or Initial Rating","www.mediaite.com":"Low or Initial Rating","www.mediamatters.org":"Not Available","www.mercurynews.com":"Low or Initial Rating","www.miamiherald.com":"Low or Initial Rating","www.michellemalkin.com":"Not Available","www.michigandaily.com":"Low or Initial Rating","www.motherjones.com":"Not Available","www.msnbc.com":"Medium","www.myrecordjournal.com\/home":"Low or Initial Rating","www.mystatesman.com":"Low or Initial Rating","www.nationaljournal.com":"Not Available","www.nationalreview.com":"Medium","www.nbcnews.com":"Low or Initial Rating","www.newrepublic.com":"Low or Initial Rating","www.news.mit.edu":"Low or Initial Rating","www.news.wgbh.org":"Low or Initial Rating","www.newsmax.com":"Medium","www.nmpolitics.net":"Low or Initial Rating","www.npr.org":"Medium","www.npr.org\/sections\/opinion\/":"Low or Initial Rating","www.aljazeera.com":"Low or Initial Rating","www.nymag.com":"Low or Initial Rating","www.nypost.com":"Low or Initial Rating","www.nytimes.com":"High","www.observer.com":"Low or Initial Rating","www.ocregister.com":"Low or Initial Rating","www.online.wsj.com":"High","www.otair.com":"Low or Initial Rating","www.ownhall.com":"Medium","www.pbs.org\/newshour":"Low or Initial Rating","www.peacock-panache.com":"Low or Initial Rating","www.philly.com":"Low or Initial Rating","www.politico.com":"Medium","www.politicususa.com":"Low or Initial Rating","www.politifact.com":"Low or Initial Rating","www.post-gazette.com":"Low or Initial Rating","www.pressherald.com":"Medium","www.pri.org":"Low or Initial Rating","www.propublica.org":"Not Available","www.psmag.com":"Low or Initial Rating","www.publicintegrity.org":"Not Available","www.pxw.news":"Low or Initial Rating","www.qz.com":"Low or Initial Rating","www.rawstory.com":"Not Available","www.realclearpolitics.com":"Not Available","www.reason.org":"Low or Initial Rating","www.redandblack.com":"Low or Initial Rating","www.reliablebias.com\/home":"Not Available","www.reuters.com":"Low or Initial Rating","www.richmond.com":"Low or Initial Rating","www.rightsidenews.com":"Low or Initial Rating","www.rogressivevoicesofiowa.com":"Low or Initial Rating","www.rollingstone.com":"Not Available","www.sacbee.com":"Low or Initial Rating","www.salon.com":"Medium","www.sciencedaily.com":"Low or Initial Rating","www.scientificamerican.com":"Low or Initial Rating","www.sfgate.com":"Not Available","www.sfweekly.com":"Not Available","www.skyhidailynews.com":"Not Available","www.smerconish.com":"Low or Initial Rating","www.socialistalternative.org":"Low or Initial Rating","www.spokesman.com":"Low or Initial Rating","www.state-journal.com":"Low or Initial Rating","www.tallahassee.com":"Low or Initial Rating","www.teenvogue.com":"Low or Initial Rating","www.telegraph.co.uk":"Low or Initial Rating","www.theamericanconservative.com":"Low or Initial Rating","www.theatlantic.com":"Not Available","www.theblaze.com":"Medium","www.thedailybeast.com":"Not Available","www.thedailybeast.com\/newsweek.html":"Medium","www.thedailyshow.com":"Not Available","www.theepochtimes.com":"Low or Initial Rating","www.thefiscaltimes.com":"Low or Initial Rating","www.thegatewaypundit.com":"Low or Initial Rating","www.theguardian.com\/us":"Medium","www.theindyonline.com":"Low or Initial Rating","www.thejustice.org":"Low or Initial Rating","www.thenation.com":"Not Available","www.therepublicannews.com":"Low or Initial Rating","www.theverge.com\/politics":"Low or Initial Rating","www.time.com\/time":"Low or Initial Rating","www.timescall.com":"Not Available","www.today.com":"Not Available","www.truth-out.org":"Not Available","www.truthorfiction.com":"Low or Initial Rating","www.univision.com":"Low or Initial Rating","www.upworthy.com":"Low or Initial Rating","www.usatoday.com":"Low or Initial Rating","www.usforacle.com":"Low or Initial Rating","www.usnews.com":"Low or Initial Rating","www.vanityfair.com":"Low or Initial Rating","www.volanteonline.com":"Low or Initial Rating","www.vox.com":"High","www.vtdigger.org":"Low or Initial Rating","www.wakeuptopolitics.com":"Low or Initial Rating","www.washingtonexaminer.com":"Medium","www.washingtonmonthly.com":"Low or Initial Rating","www.washingtonpost.com\/regional":"High","www.washingtontimes.com":"Medium","www.weeklystandard.com":"High","www.westernjournalism.com":"Medium","www.wfae.org":"Low or Initial Rating","www.wisconsingazette.com":"Not Available","www.wnd.com":"High","www.yesmagazine.org":"Not Available"},"agree_ratio":{"www.abcnews.go.com":1.3584341105,"www.ajc.com":1.0565749235,"www.alternet.org":2.8544668588,"www.americanthinker.com":1.7977207977,"www.ap.org":1.4198090692,"www.aquinas.edu\/thesaint":1.6244444444,"www.arkansasonline.com":1.3373083475,"www.barnstablepatriot.com\/home2":0.8364389234,"www.bbc.com":1.0655294118,"www.bearingdrift.com":1.1647058824,"www.bgdailynews.com":0.9539078156,"www.bloomberg.com":0.8703543647,"www.bluevirginia.us":1.3826879271,"www.bostonglobe.com":1.2569444444,"www.breitbart.com":1.8822729744,"www.bswk.hbs.edu":0.8345642541,"www.businessinsider.com":0.9085037675,"www.bustle.com":0.9784283513,"www.buzzfeed.com":0.7159452876,"www.c-span.org":3.3571428571,"www.cadizrecord.com":0.8222222222,"www.calmatters.org":1.2716627635,"www.calwatchdog.com":0.9315673289,"www.canyoncountryzephyr.com":1.5833333333,"www.care2.com":0.9715447154,"www.cbn.com":1.8998352554,"www.cbs.com":1.1786355476,"www.centralkynews.com\/amnews":0.8561643836,"www.centre-view.com":0.8784860558,"www.chicago.suntimes.com":1.0084175084,"www.chicagotribune.com":0.5579476139,"www.city-journal.org":1.1006289308,"www.cnbc.com":0.3835764452,"www.cnn.com":0.9658319592,"www.cnsnews.com":1.1834710744,"www.commercialappeal.com":0.7417218543,"www.conservativehq.com":2.4377224199,"www.cookpolitical.com":1.6852248394,"www.countable.us":1.0,"www.countercurrents.org":1.4893617021,"www.courier-journal.com":1.0378787879,"www.creen.yahoo.com":1.1273166801,"www.crowdpac.com":0.9588235294,"www.csmonitor.com":0.7296744186,"www.cuindependent.com":0.8442367601,"www.currentaffairs.org":2.75,"www.dailycaller.com":1.6829919858,"www.dailycardinal.com":0.939481268,"www.dailykos.com":2.6276836158,"www.dailymail.co.uk":1.1998320739,"www.dailynorthwestern.com":1.0243055556,"www.dailypress.com":0.7528089888,"www.dailyprogress.com":1.0213414634,"www.dailytargum.com":0.5625,"www.dailywire.com":2.0914419695,"www.delcotimes.com":0.9127516779,"www.democracynow.org":2.4701905347,"www.deseretnews.com":0.6288790374,"www.diplomaticourier.com":1.315270936,"www.drudgereport.com":1.6283105023,"www.dukechronicle.com":1.0393442623,"www.echcrunch.com":1.7368421053,"www.economist.com":0.4941684665,"www.ectator.org":2.3584667228,"www.efederalist.com":1.7324777887,"www.eintercept.com":1.4899598394,"www.elibertarianrepublic.com":1.1792618629,"www.en.wikipedia.org\/wiki\/boing_boing":1.5557939914,"www.eptrail.com":0.7090163934,"www.eralddemocrat.com":1.3356401384,"www.eresurgent.com":2.0,"www.eurekalert.org":0.8862876254,"www.eweek.com":1.3409656546,"www.factcheck.org":1.4112044818,"www.fair.org":1.0051020408,"www.fcnp.com":0.8200514139,"www.fivethirtyeight.com":1.7265053461,"www.forbes.com":1.4804250559,"www.foreignaffairs.com":1.834605598,"www.foxnews.com":0.6734242661,"www.foxnews.com\/opinion":3.4985250737,"www.freebeacon.com":0.9820971867,"www.frontpagemag.com":1.2848297214,"www.hamptonroadsmessenger.com":0.940625,"www.huffingtonpost.com":0.9198259137,"www.ibtimes.com":1.3150074294,"www.idsnews.com":0.7551020408,"www.ijreview.com":1.1148717949,"www.inacow.com":1.5392156863,"www.indyweek.com":0.8344827586,"www.infowars.com":4.5732708089,"www.inkprogress.org":3.1982881598,"www.investors.com":1.2261904762,"www.ivn.us":1.0344827586,"www.jacobinmag.com":7.8205128205,"www.jmedia.com":1.7358490566,"www.journalistsresource.org":0.7938596491,"www.jubileemedia.com":1.3269230769,"www.judicialwatch.org":0.892578125,"www.koreaherald.com\/index.php":1.8358208955,"www.kqed.org":1.2265372168,"www.ksl.com":1.3663003663,"www.lasvegassun.com":0.9714285714,"www.latimes.com":1.3142335766,"www.latino.foxnews.com\/index.html":1.9215442092,"www.leesburgtoday.com":1.056,"www.lifehacker.com":1.161849711,"www.liveactionnews.org":1.4126984127,"www.mediaite.com":0.9625212947,"www.mediamatters.org":1.6068563093,"www.mercurynews.com":0.8648648649,"www.miamiherald.com":0.9478672986,"www.michellemalkin.com":2.1209302326,"www.michigandaily.com":1.12,"www.motherjones.com":4.815483871,"www.msnbc.com":2.6375711575,"www.myrecordjournal.com\/home":0.8230088496,"www.mystatesman.com":1.3178947368,"www.nationaljournal.com":1.3932038835,"www.nationalreview.com":2.0291262136,"www.nbcnews.com":0.7619669278,"www.newrepublic.com":1.835443038,"www.news.mit.edu":1.2313432836,"www.news.wgbh.org":1.3915343915,"www.newsmax.com":0.7564391691,"www.nmpolitics.net":0.6896551724,"www.npr.org":1.3886988963,"www.npr.org\/sections\/opinion\/":0.8891273247,"www.aljazeera.com":0.6566303652,"www.nymag.com":2.3078125,"www.nypost.com":1.3524504692,"www.nytimes.com":0.5945081653,"www.observer.com":0.4881355932,"www.ocregister.com":1.3284671533,"www.online.wsj.com":0.6636192049,"www.otair.com":1.1136653895,"www.ownhall.com":0.6356653362,"www.pbs.org\/newshour":1.3930163447,"www.peacock-panache.com":2.0303030303,"www.philly.com":0.6229508197,"www.politico.com":0.6246216444,"www.politicususa.com":3.1973684211,"www.politifact.com":0.6566855963,"www.post-gazette.com":0.8802083333,"www.pressherald.com":0.6412556054,"www.pri.org":1.76875,"www.propublica.org":1.6417582418,"www.psmag.com":1.1215686275,"www.publicintegrity.org":0.8804523425,"www.pxw.news":1.0350877193,"www.qz.com":1.1264044944,"www.rawstory.com":1.7572016461,"www.realclearpolitics.com":1.2526260504,"www.reason.org":1.4742503259,"www.redandblack.com":1.4153846154,"www.reliablebias.com\/home":0.5714285714,"www.reuters.com":1.4479852515,"www.richmond.com":1.4074074074,"www.rightsidenews.com":2.0382513661,"www.rogressivevoicesofiowa.com":2.0,"www.rollingstone.com":3.6520467836,"www.sacbee.com":0.9579439252,"www.salon.com":2.1485969388,"www.sciencedaily.com":1.7077625571,"www.scientificamerican.com":2.184079602,"www.sfgate.com":0.8793969849,"www.sfweekly.com":0.7132075472,"www.skyhidailynews.com":1.2093023256,"www.smerconish.com":0.6974789916,"www.socialistalternative.org":2.3716216216,"www.spokesman.com":0.9263803681,"www.state-journal.com":0.738372093,"www.tallahassee.com":1.1124260355,"www.teenvogue.com":0.7177177177,"www.telegraph.co.uk":1.7564575646,"www.theamericanconservative.com":0.8928571429,"www.theatlantic.com":1.6117867166,"www.theblaze.com":1.917677643,"www.thedailybeast.com":1.4686756542,"www.thedailybeast.com\/newsweek.html":0.797309417,"www.thedailyshow.com":0.7641418984,"www.theepochtimes.com":1.625,"www.thefiscaltimes.com":1.2813765182,"www.thegatewaypundit.com":1.4532374101,"www.theguardian.com\/us":1.6084281759,"www.theindyonline.com":0.8781512605,"www.thejustice.org":0.8785046729,"www.thenation.com":3.3215859031,"www.therepublicannews.com":0.3895705521,"www.theverge.com\/politics":1.4937759336,"www.time.com\/time":1.1798439091,"www.timescall.com":0.9090909091,"www.today.com":0.8917668825,"www.truth-out.org":0.8996282528,"www.truthorfiction.com":1.3088235294,"www.univision.com":0.7875,"www.upworthy.com":1.479338843,"www.usatoday.com":1.314920926,"www.usforacle.com":0.525,"www.usnews.com":0.861037234,"www.vanityfair.com":1.5468831849,"www.volanteonline.com":0.8990825688,"www.vox.com":0.8325004308,"www.vtdigger.org":0.7462686567,"www.wakeuptopolitics.com":1.125,"www.washingtonexaminer.com":1.7929858743,"www.washingtonmonthly.com":1.1811023622,"www.washingtonpost.com\/regional":1.6251160134,"www.washingtontimes.com":1.9830491771,"www.weeklystandard.com":1.7010309278,"www.westernjournalism.com":2.3303571429,"www.wfae.org":0.8076923077,"www.wisconsingazette.com":1.1804511278,"www.wnd.com":2.5384615385,"www.yesmagazine.org":2.0897435897},"total_votes":{"www.abcnews.go.com":18917,"www.ajc.com":1345,"www.alternet.org":2675,"www.americanthinker.com":1964,"www.ap.org":10139,"www.aquinas.edu\/thesaint":1181,"www.arkansasonline.com":1372,"www.barnstablepatriot.com\/home2":887,"www.bbc.com":17557,"www.bearingdrift.com":920,"www.bgdailynews.com":975,"www.bloomberg.com":10820,"www.bluevirginia.us":1046,"www.bostonglobe.com":2275,"www.breitbart.com":21202,"www.bswk.hbs.edu":1242,"www.businessinsider.com":3546,"www.bustle.com":1284,"www.buzzfeed.com":9158,"www.c-span.org":3355,"www.cadizrecord.com":246,"www.calmatters.org":970,"www.calwatchdog.com":875,"www.canyoncountryzephyr.com":217,"www.care2.com":970,"www.cbn.com":8801,"www.cbs.com":9708,"www.centralkynews.com\/amnews":271,"www.centre-view.com":943,"www.chicago.suntimes.com":1193,"www.chicagotribune.com":4342,"www.city-journal.org":334,"www.cnbc.com":5122,"www.cnn.com":51263,"www.cnsnews.com":1321,"www.commercialappeal.com":263,"www.conservativehq.com":966,"www.cookpolitical.com":1254,"www.countable.us":14,"www.countercurrents.org":468,"www.courier-journal.com":269,"www.creen.yahoo.com":2640,"www.crowdpac.com":666,"www.csmonitor.com":18594,"www.cuindependent.com":592,"www.currentaffairs.org":225,"www.dailycaller.com":6026,"www.dailycardinal.com":673,"www.dailykos.com":6421,"www.dailymail.co.uk":2620,"www.dailynorthwestern.com":583,"www.dailypress.com":624,"www.dailyprogress.com":663,"www.dailytargum.com":500,"www.dailywire.com":2637,"www.delcotimes.com":285,"www.democracynow.org":5646,"www.deseretnews.com":2572,"www.diplomaticourier.com":470,"www.drudgereport.com":2878,"www.dukechronicle.com":622,"www.echcrunch.com":468,"www.economist.com":3459,"www.ectator.org":7973,"www.efederalist.com":2768,"www.eintercept.com":1240,"www.elibertarianrepublic.com":1240,"www.en.wikipedia.org\/wiki\/boing_boing":1191,"www.eptrail.com":417,"www.eralddemocrat.com":675,"www.eresurgent.com":12,"www.eurekalert.org":564,"www.eweek.com":4703,"www.factcheck.org":8608,"www.fair.org":786,"www.fcnp.com":708,"www.fivethirtyeight.com":4845,"www.forbes.com":4435,"www.foreignaffairs.com":1114,"www.foxnews.com":49197,"www.foxnews.com\/opinion":4575,"www.freebeacon.com":775,"www.frontpagemag.com":738,"www.hamptonroadsmessenger.com":621,"www.huffingtonpost.com":36613,"www.ibtimes.com":1558,"www.idsnews.com":516,"www.ijreview.com":2062,"www.inacow.com":518,"www.indyweek.com":532,"www.infowars.com":4754,"www.inkprogress.org":2943,"www.investors.com":1683,"www.ivn.us":649,"www.jacobinmag.com":344,"www.jmedia.com":145,"www.journalistsresource.org":409,"www.jubileemedia.com":121,"www.judicialwatch.org":1938,"www.koreaherald.com\/index.php":190,"www.kqed.org":688,"www.ksl.com":1292,"www.lasvegassun.com":414,"www.latimes.com":6341,"www.latino.foxnews.com\/index.html":2346,"www.leesburgtoday.com":257,"www.lifehacker.com":374,"www.liveactionnews.org":304,"www.mediaite.com":1152,"www.mediamatters.org":3574,"www.mercurynews.com":621,"www.miamiherald.com":411,"www.michellemalkin.com":671,"www.michigandaily.com":318,"www.motherjones.com":4507,"www.msnbc.com":5751,"www.myrecordjournal.com\/home":206,"www.mystatesman.com":1101,"www.nationaljournal.com":1479,"www.nationalreview.com":11544,"www.nbcnews.com":8098,"www.newrepublic.com":1792,"www.news.mit.edu":299,"www.news.wgbh.org":452,"www.newsmax.com":14798,"www.nmpolitics.net":294,"www.npr.org":30733,"www.npr.org\/sections\/opinion\/":2641,"www.aljazeera.com":7758,"www.nymag.com":2117,"www.nypost.com":4512,"www.nytimes.com":37396,"www.observer.com":439,"www.ocregister.com":319,"www.online.wsj.com":28205,"www.otair.com":1655,"www.ownhall.com":21720,"www.pbs.org\/newshour":3221,"www.peacock-panache.com":200,"www.philly.com":99,"www.politico.com":32741,"www.politicususa.com":957,"www.politifact.com":3209,"www.post-gazette.com":361,"www.pressherald.com":366,"www.pri.org":886,"www.propublica.org":1202,"www.psmag.com":541,"www.publicintegrity.org":1164,"www.pxw.news":232,"www.qz.com":757,"www.rawstory.com":670,"www.realclearpolitics.com":4289,"www.reason.org":7591,"www.redandblack.com":157,"www.reliablebias.com\/home":143,"www.reuters.com":9295,"www.richmond.com":325,"www.rightsidenews.com":556,"www.rogressivevoicesofiowa.com":189,"www.rollingstone.com":1591,"www.sacbee.com":419,"www.salon.com":14811,"www.sciencedaily.com":593,"www.scientificamerican.com":1280,"www.sfgate.com":748,"www.sfweekly.com":454,"www.skyhidailynews.com":190,"www.smerconish.com":202,"www.socialistalternative.org":499,"www.spokesman.com":314,"www.state-journal.com":299,"www.tallahassee.com":357,"www.teenvogue.com":572,"www.telegraph.co.uk":747,"www.theamericanconservative.com":212,"www.theatlantic.com":5584,"www.theblaze.com":16835,"www.thedailybeast.com":9339,"www.thedailybeast.com\/newsweek.html":4008,"www.thedailyshow.com":1840,"www.theepochtimes.com":42,"www.thefiscaltimes.com":1127,"www.thegatewaypundit.com":682,"www.theguardian.com\/us":8480,"www.theindyonline.com":447,"www.thejustice.org":201,"www.thenation.com":981,"www.therepublicannews.com":453,"www.theverge.com\/politics":601,"www.time.com\/time":6424,"www.timescall.com":231,"www.today.com":2045,"www.truth-out.org":511,"www.truthorfiction.com":314,"www.univision.com":572,"www.upworthy.com":600,"www.usatoday.com":20200,"www.usforacle.com":122,"www.usnews.com":2799,"www.vanityfair.com":4862,"www.volanteonline.com":207,"www.vox.com":21268,"www.vtdigger.org":234,"www.wakeuptopolitics.com":17,"www.washingtonexaminer.com":5734,"www.washingtonmonthly.com":277,"www.washingtonpost.com\/regional":36770,"www.washingtontimes.com":30269,"www.weeklystandard.com":1834,"www.westernjournalism.com":1119,"www.wfae.org":235,"www.wisconsingazette.com":290,"www.wnd.com":552,"www.yesmagazine.org":482},"community_response":{"www.abcnews.go.com":"somewhat agrees","www.ajc.com":"somewhat agrees","www.alternet.org":"strongly agrees","www.americanthinker.com":"agrees","www.ap.org":"somewhat agrees","www.aquinas.edu\/thesaint":"agrees","www.arkansasonline.com":"somewhat agrees","www.barnstablepatriot.com\/home2":"somewhat disagrees","www.bbc.com":"somewhat agrees","www.bearingdrift.com":"somewhat agrees","www.bgdailynews.com":"somewhat disagrees","www.bloomberg.com":"somewhat disagrees","www.bluevirginia.us":"somewhat agrees","www.bostonglobe.com":"somewhat agrees","www.breitbart.com":"agrees","www.bswk.hbs.edu":"somewhat disagrees","www.businessinsider.com":"somewhat disagrees","www.bustle.com":"somewhat disagrees","www.buzzfeed.com":"somewhat disagrees","www.c-span.org":"absolutely agrees","www.cadizrecord.com":"somewhat disagrees","www.calmatters.org":"somewhat agrees","www.calwatchdog.com":"somewhat disagrees","www.canyoncountryzephyr.com":"agrees","www.care2.com":"somewhat disagrees","www.cbn.com":"agrees","www.cbs.com":"somewhat agrees","www.centralkynews.com\/amnews":"somewhat disagrees","www.centre-view.com":"somewhat disagrees","www.chicago.suntimes.com":"somewhat agrees","www.chicagotribune.com":"disagrees","www.city-journal.org":"somewhat agrees","www.cnbc.com":"strongly disagrees","www.cnn.com":"somewhat disagrees","www.cnsnews.com":"somewhat agrees","www.commercialappeal.com":"somewhat disagrees","www.conservativehq.com":"strongly agrees","www.cookpolitical.com":"agrees","www.countable.us":"neutral","www.countercurrents.org":"somewhat agrees","www.courier-journal.com":"somewhat agrees","www.creen.yahoo.com":"somewhat agrees","www.crowdpac.com":"somewhat disagrees","www.csmonitor.com":"somewhat disagrees","www.cuindependent.com":"somewhat disagrees","www.currentaffairs.org":"strongly agrees","www.dailycaller.com":"agrees","www.dailycardinal.com":"somewhat disagrees","www.dailykos.com":"strongly agrees","www.dailymail.co.uk":"somewhat agrees","www.dailynorthwestern.com":"somewhat agrees","www.dailypress.com":"somewhat disagrees","www.dailyprogress.com":"somewhat agrees","www.dailytargum.com":"disagrees","www.dailywire.com":"strongly agrees","www.delcotimes.com":"somewhat disagrees","www.democracynow.org":"strongly agrees","www.deseretnews.com":"disagrees","www.diplomaticourier.com":"somewhat agrees","www.drudgereport.com":"agrees","www.dukechronicle.com":"somewhat agrees","www.echcrunch.com":"agrees","www.economist.com":"strongly disagrees","www.ectator.org":"strongly agrees","www.efederalist.com":"agrees","www.eintercept.com":"somewhat agrees","www.elibertarianrepublic.com":"somewhat agrees","www.en.wikipedia.org\/wiki\/boing_boing":"agrees","www.eptrail.com":"somewhat disagrees","www.eralddemocrat.com":"somewhat agrees","www.eresurgent.com":"agrees","www.eurekalert.org":"somewhat disagrees","www.eweek.com":"somewhat agrees","www.factcheck.org":"somewhat agrees","www.fair.org":"somewhat agrees","www.fcnp.com":"somewhat disagrees","www.fivethirtyeight.com":"agrees","www.forbes.com":"somewhat agrees","www.foreignaffairs.com":"agrees","www.foxnews.com":"somewhat disagrees","www.foxnews.com\/opinion":"absolutely agrees","www.freebeacon.com":"somewhat disagrees","www.frontpagemag.com":"somewhat agrees","www.hamptonroadsmessenger.com":"somewhat disagrees","www.huffingtonpost.com":"somewhat disagrees","www.ibtimes.com":"somewhat agrees","www.idsnews.com":"somewhat disagrees","www.ijreview.com":"somewhat agrees","www.inacow.com":"agrees","www.indyweek.com":"somewhat disagrees","www.infowars.com":"absolutely agrees","www.inkprogress.org":"absolutely agrees","www.investors.com":"somewhat agrees","www.ivn.us":"somewhat agrees","www.jacobinmag.com":"absolutely agrees","www.jmedia.com":"agrees","www.journalistsresource.org":"somewhat disagrees","www.jubileemedia.com":"somewhat agrees","www.judicialwatch.org":"somewhat disagrees","www.koreaherald.com\/index.php":"agrees","www.kqed.org":"somewhat agrees","www.ksl.com":"somewhat agrees","www.lasvegassun.com":"somewhat disagrees","www.latimes.com":"somewhat agrees","www.latino.foxnews.com\/index.html":"agrees","www.leesburgtoday.com":"somewhat agrees","www.lifehacker.com":"somewhat agrees","www.liveactionnews.org":"somewhat agrees","www.mediaite.com":"somewhat disagrees","www.mediamatters.org":"agrees","www.mercurynews.com":"somewhat disagrees","www.miamiherald.com":"somewhat disagrees","www.michellemalkin.com":"strongly agrees","www.michigandaily.com":"somewhat agrees","www.motherjones.com":"absolutely agrees","www.msnbc.com":"strongly agrees","www.myrecordjournal.com\/home":"somewhat disagrees","www.mystatesman.com":"somewhat agrees","www.nationaljournal.com":"somewhat agrees","www.nationalreview.com":"strongly agrees","www.nbcnews.com":"somewhat disagrees","www.newrepublic.com":"agrees","www.news.mit.edu":"somewhat agrees","www.news.wgbh.org":"somewhat agrees","www.newsmax.com":"somewhat disagrees","www.nmpolitics.net":"somewhat disagrees","www.npr.org":"somewhat agrees","www.npr.org\/sections\/opinion\/":"somewhat disagrees","www.aljazeera.com":"disagrees","www.nymag.com":"strongly agrees","www.nypost.com":"somewhat agrees","www.nytimes.com":"disagrees","www.observer.com":"strongly disagrees","www.ocregister.com":"somewhat agrees","www.online.wsj.com":"disagrees","www.otair.com":"somewhat agrees","www.ownhall.com":"disagrees","www.pbs.org\/newshour":"somewhat agrees","www.peacock-panache.com":"strongly agrees","www.philly.com":"disagrees","www.politico.com":"disagrees","www.politicususa.com":"absolutely agrees","www.politifact.com":"disagrees","www.post-gazette.com":"somewhat disagrees","www.pressherald.com":"disagrees","www.pri.org":"agrees","www.propublica.org":"agrees","www.psmag.com":"somewhat agrees","www.publicintegrity.org":"somewhat disagrees","www.pxw.news":"somewhat agrees","www.qz.com":"somewhat agrees","www.rawstory.com":"agrees","www.realclearpolitics.com":"somewhat agrees","www.reason.org":"somewhat agrees","www.redandblack.com":"somewhat agrees","www.reliablebias.com\/home":"disagrees","www.reuters.com":"somewhat agrees","www.richmond.com":"somewhat agrees","www.rightsidenews.com":"strongly agrees","www.rogressivevoicesofiowa.com":"agrees","www.rollingstone.com":"absolutely agrees","www.sacbee.com":"somewhat disagrees","www.salon.com":"strongly agrees","www.sciencedaily.com":"agrees","www.scientificamerican.com":"strongly agrees","www.sfgate.com":"somewhat disagrees","www.sfweekly.com":"somewhat disagrees","www.skyhidailynews.com":"somewhat agrees","www.smerconish.com":"somewhat disagrees","www.socialistalternative.org":"strongly agrees","www.spokesman.com":"somewhat disagrees","www.state-journal.com":"somewhat disagrees","www.tallahassee.com":"somewhat agrees","www.teenvogue.com":"somewhat disagrees","www.telegraph.co.uk":"agrees","www.theamericanconservative.com":"somewhat disagrees","www.theatlantic.com":"agrees","www.theblaze.com":"agrees","www.thedailybeast.com":"somewhat agrees","www.thedailybeast.com\/newsweek.html":"somewhat disagrees","www.thedailyshow.com":"somewhat disagrees","www.theepochtimes.com":"agrees","www.thefiscaltimes.com":"somewhat agrees","www.thegatewaypundit.com":"somewhat agrees","www.theguardian.com\/us":"agrees","www.theindyonline.com":"somewhat disagrees","www.thejustice.org":"somewhat disagrees","www.thenation.com":"absolutely agrees","www.therepublicannews.com":"strongly disagrees","www.theverge.com\/politics":"somewhat agrees","www.time.com\/time":"somewhat agrees","www.timescall.com":"somewhat disagrees","www.today.com":"somewhat disagrees","www.truth-out.org":"somewhat disagrees","www.truthorfiction.com":"somewhat agrees","www.univision.com":"somewhat disagrees","www.upworthy.com":"somewhat agrees","www.usatoday.com":"somewhat agrees","www.usforacle.com":"disagrees","www.usnews.com":"somewhat disagrees","www.vanityfair.com":"agrees","www.volanteonline.com":"somewhat disagrees","www.vox.com":"somewhat disagrees","www.vtdigger.org":"somewhat disagrees","www.wakeuptopolitics.com":"somewhat agrees","www.washingtonexaminer.com":"agrees","www.washingtonmonthly.com":"somewhat agrees","www.washingtonpost.com\/regional":"agrees","www.washingtontimes.com":"agrees","www.weeklystandard.com":"agrees","www.westernjournalism.com":"strongly agrees","www.wfae.org":"somewhat disagrees","www.wisconsingazette.com":"somewhat agrees","www.wnd.com":"strongly agrees","www.yesmagazine.org":"strongly agrees"},"name":{"www.abcnews.go.com":"ABC News","www.ajc.com":"Atlanta Journal-Constitution","www.alternet.org":"AlterNet","www.americanthinker.com":"American Thinker","www.ap.org":"Associated Press","www.aquinas.edu\/thesaint":"Aquinas College Saint","www.arkansasonline.com":"Arkansas Democrat-Gazette","www.barnstablepatriot.com\/home2":"Barnstable Patriot","www.bbc.com":"BBC News","www.bearingdrift.com":"Bearing Drift","www.bgdailynews.com":"Bowling Green Daily News","www.bloomberg.com":"Bloomberg","www.bluevirginia.us":"Blue Virginia","www.bostonglobe.com":"The Boston Globe","www.breitbart.com":"Breitbart News","www.bswk.hbs.edu":"Harvard Business School","www.businessinsider.com":"Business Insider","www.bustle.com":"Bustle","www.buzzfeed.com":"BuzzFeed News","www.c-span.org":"C-SPAN","www.cadizrecord.com":"The Cadiz Record","www.calmatters.org":"CalMatters","www.calwatchdog.com":"CalWatchdog","www.canyoncountryzephyr.com":"The Canyon County Zephyr","www.care2.com":"Care 2","www.cbn.com":"CBN","www.cbs.com":"CBS News","www.centralkynews.com\/amnews":"The Advocate-Messenger","www.centre-view.com":"Centre View","www.chicago.suntimes.com":"Chicago Sun-Times","www.chicagotribune.com":"Chicago Tribune","www.city-journal.org":"City Journal","www.cnbc.com":"CNBC","www.cnn.com":"CNN (Web News)","www.cnsnews.com":"CNSNews.com","www.commercialappeal.com":"The Commercial Appeal","www.conservativehq.com":"Conservative HQ","www.cookpolitical.com":"Cook Report","www.countable.us":"Countable","www.countercurrents.org":"Counter Currents","www.courier-journal.com":"Louisville Courier-Journal","www.creen.yahoo.com":"Yahoo News","www.crowdpac.com":"CrowdPAC","www.csmonitor.com":"Christian Science Monitor","www.cuindependent.com":"CU Independent","www.currentaffairs.org":"Current Affairs","www.dailycaller.com":"The Daily Caller","www.dailycardinal.com":"Daily Cardinal","www.dailykos.com":"Daily Kos","www.dailymail.co.uk":"Daily Mail","www.dailynorthwestern.com":"Daily Northwestern","www.dailypress.com":"Daily Press","www.dailyprogress.com":"Daily Progress","www.dailytargum.com":"Daily Targum","www.dailywire.com":"The Daily Wire","www.delcotimes.com":"The Delaware County Daily Times","www.democracynow.org":"Democracy Now","www.deseretnews.com":"Deseret News","www.diplomaticourier.com":"Diplomatic Courier","www.drudgereport.com":"Drudge Report","www.dukechronicle.com":"Duke Chronicle","www.echcrunch.com":"TechCrunch","www.economist.com":"The Economist","www.ectator.org":"American Spectator","www.efederalist.com":"The Federalist","www.eintercept.com":"The Intercept","www.elibertarianrepublic.com":"The Libertarian Republic","www.en.wikipedia.org\/wiki\/boing_boing":"Boing Boing","www.eptrail.com":"Estes Park Trail Gazette","www.eralddemocrat.com":"Herald Democrat","www.eresurgent.com":"The Resurgent","www.eurekalert.org":"Eurek Alert","www.eweek.com":"The Week","www.factcheck.org":"FactCheck.org","www.fair.org":"Fair.org","www.fcnp.com":"Falls Church News - Press","www.fivethirtyeight.com":"FiveThirtyEight","www.forbes.com":"Forbes","www.foreignaffairs.com":"Foreign Affairs","www.foxnews.com":"Fox News","www.foxnews.com\/opinion":"Fox News Editorial","www.freebeacon.com":"Washington Free Beacon","www.frontpagemag.com":"FrontPage Magazine","www.hamptonroadsmessenger.com":"Hampton Roads Messanger","www.huffingtonpost.com":"HuffPost","www.ibtimes.com":"International Business Times","www.idsnews.com":"Indiana Daily Student","www.ijreview.com":"Independent Journal Review","www.inacow.com":"Inacow","www.indyweek.com":"Indy Week","www.infowars.com":"InfoWars","www.inkprogress.org":"ThinkProgress","www.investors.com":"Investor's Business Daily","www.ivn.us":"IVN","www.jacobinmag.com":"Jacobin","www.jmedia.com":"PJ Media","www.journalistsresource.org":"Journalist's Resource","www.jubileemedia.com":"Jubilee Media","www.judicialwatch.org":"Judicial Watch","www.koreaherald.com\/index.php":"The Korea Herald","www.kqed.org":"KQED","www.ksl.com":"KSL","www.lasvegassun.com":"Las Vegas Sun","www.latimes.com":"Los Angeles Times","www.latino.foxnews.com\/index.html":"Fox News Latino","www.leesburgtoday.com":"Leesburg Today","www.lifehacker.com":"Lifehacker","www.liveactionnews.org":"Live Action News","www.mediaite.com":"Mediaite","www.mediamatters.org":"Media Matters","www.mercurynews.com":"San Jose Mercury News","www.miamiherald.com":"Miami Herald","www.michellemalkin.com":"MichelleMalkin.com","www.michigandaily.com":"Michigan Daily","www.motherjones.com":"Mother Jones","www.msnbc.com":"MSNBC","www.myrecordjournal.com\/home":"Record Journal","www.mystatesman.com":"Austin American-Statesman","www.nationaljournal.com":"National Journal","www.nationalreview.com":"National Review","www.nbcnews.com":"NBCNews.com","www.newrepublic.com":"New Republic","www.news.mit.edu":"MIT News","www.news.wgbh.org":"WGBH","www.newsmax.com":"Newsmax","www.nmpolitics.net":"NMPolitics.net","www.npr.org":"NPR News","www.npr.org\/sections\/opinion\/":"NPR Editorial","www.aljazeera.com":"Al Jazeera","www.nymag.com":"New York Magazine","www.nypost.com":"New York Post","www.nytimes.com":"New York Times - News","www.observer.com":"The Observer (New York)","www.ocregister.com":"Orange County Register","www.online.wsj.com":"Wall Street Journal - News","www.otair.com":"HotAir","www.ownhall.com":"Townhall","www.pbs.org\/newshour":"PBS NewsHour","www.peacock-panache.com":"Peacock Panache","www.philly.com":"The Philadelphia Inquirer","www.politico.com":"Politico","www.politicususa.com":"PoliticusUSA","www.politifact.com":"PolitiFact","www.post-gazette.com":"Pittsburgh Post-Gazette","www.pressherald.com":"Portland Press Herald","www.pri.org":"PRI (Public Radio International)","www.propublica.org":"ProPublica","www.psmag.com":"Pacific Standard","www.publicintegrity.org":"Center for Public Integrity","www.pxw.news":"PXW News","www.qz.com":"Quartz","www.rawstory.com":"Raw Story","www.realclearpolitics.com":"RealClearPolitics","www.reason.org":"Reason","www.redandblack.com":"The Red and Black","www.reliablebias.com\/home":"The Reliable Bias","www.reuters.com":"Reuters","www.richmond.com":"Richmond Times Dispatch","www.rightsidenews.com":"Right Side News","www.rogressivevoicesofiowa.com":"Progressive Voices of Iowa","www.rollingstone.com":"RollingStone.com","www.sacbee.com":"The Sacramento Bee","www.salon.com":"Salon","www.sciencedaily.com":"Science Daily","www.scientificamerican.com":"Scientific American","www.sfgate.com":"SFGate","www.sfweekly.com":"SF Weekly","www.skyhidailynews.com":"Sky-Hi Daily News","www.smerconish.com":"Smerconish","www.socialistalternative.org":"Socialist Alternative","www.spokesman.com":"Spokesman Review","www.state-journal.com":"State Journal","www.tallahassee.com":"Tallahassee Democrat","www.teenvogue.com":"Teen Vogue","www.telegraph.co.uk":"The Telegraph - UK","www.theamericanconservative.com":"The American Conservative","www.theatlantic.com":"The Atlantic","www.theblaze.com":"TheBlaze.com","www.thedailybeast.com":"Daily Beast","www.thedailybeast.com\/newsweek.html":"Newsweek","www.thedailyshow.com":"The Daily Show (humor)","www.theepochtimes.com":"The Epoch Times","www.thefiscaltimes.com":"Fiscal Times","www.thegatewaypundit.com":"The Gateway Pundit","www.theguardian.com\/us":"The Guardian","www.theindyonline.com":"Indy Online","www.thejustice.org":"The Justice","www.thenation.com":"The Nation","www.therepublicannews.com":"The Republican","www.theverge.com\/politics":"The Verge","www.time.com\/time":"Time Magazine","www.timescall.com":"Longmont Times-Call","www.today.com":"NBC Today Show","www.truth-out.org":"TruthOut","www.truthorfiction.com":"Truth or Fiction","www.univision.com":"Univision","www.upworthy.com":"Upworthy","www.usatoday.com":"USA TODAY","www.usforacle.com":"The Oracle","www.usnews.com":"U.S. News & World Report","www.vanityfair.com":"Vanity Fair","www.volanteonline.com":"Volante","www.vox.com":"Vox","www.vtdigger.org":"VT Digger","www.wakeuptopolitics.com":"Wake Up to Politics","www.washingtonexaminer.com":"Washington Examiner","www.washingtonmonthly.com":"Washington Monthly","www.washingtonpost.com\/regional":"Washington Post","www.washingtontimes.com":"Washington Times","www.weeklystandard.com":"The Weekly Standard","www.westernjournalism.com":"Western Journalism","www.wfae.org":"WFAE","www.wisconsingazette.com":"Wisconsin Gazette","www.wnd.com":"WND.com","www.yesmagazine.org":"Yes Magazine"}}